{
    "installed": {
        "client_id": "100574657198-ob1nl699lsurmiqee93d53tk0jlnjmij.apps.googleusercontent.com",
        "project_id": "telegram-bot-412715",
        "auth_uri": "https://accounts.google.com/o/oauth2/auth",
        "token_uri": "https://oauth2.googleapis.com/token",
        "auth_provider_x509_cert_url": "https://www.googleapis.com/oauth2/v1/certs",
        "client_secret": "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",
        "main_sheet": "1T_UPIcQLhPQ1WmtjfoLvtGo7K4wBlrZLRY4TeN5MaaE",
        "template_top": "1mT-VvDegU5Xm1zD3A35y4CwFICmncFANUwMybNjSz3I",
        "template_section": "18lef_68PEROGRSdxqoAXyHwUwVGYjcfkIYYYDGnmymI",
        "redirect_uris": [
            "http://localhost"
        ]
    }
}
